User_id,cookie_id,Gender,Location
1,c4ca42,F,South
2,c81e72,M,South
3,eccbc8,F,South
4,a87ff6,F,North
5,e4da3b,M,South
6,e4da3c,M,South
7,8f14e4,M,North
8,c9f0f8,M,North
9,45c48c,F,South
10,d3d944,M,South
11,6512bd,M,North
12,c20ad4,M,South
13,c51ce4,F,North
14,aab323,M,South
15,9bf31c,M,South
16,c74d97,F,South
17,70efdf,M,South
18,6f4922,M,South
19,1f0e3d,M,South
20,98f137,M,North
21,3c59dc,F,South
22,b6d767,F,South
23,37693c,M,South
24,1ff1de,M,South
25,8e296a,F,North
26,4e732c,F,South
27,02e74f,M,North
28,33e75f,M,North
29,6ea9ab,M,South
30,34173c,M,South
31,c16a53,F,South
32,6364d3,M,South
33,182be0,M,South
34,e36985,F,South
35,1c383c,F,South
36,19ca14,M,North
37,a5bfc9,F,North
38,a5771b,M,North
39,d67d8a,M,South
40,d64592,F,South
41,3416a7,F,South
42,a1d0c6,F,North
43,17e621,M,North
44,f71771,M,South
45,6c8349,F,South
46,d9d4f4,F,North
47,67c6a1,F,South
48,6.42E+94,F,South
49,f457c5,M,South
50,c0c7c7,M,North
51,283802,M,South
52,9a1158,M,South
53,d82c8d,M,North
54,a684ec,F,South
55,b53b3a,M,South
56,9f6140,M,North
57,72b32a,F,South
58,66f041,M,North
59,093f65,M,South
60,072b03,F,South
61,7f39f8,F,South
62,44f683,F,South
63,03afdb,F,South
64,ea5d2f,F,South
65,fc490c,F,North
66,3295c7,F,South
67,735b90,M,South
68,a3f390,M,South
69,14bfa6,M,South
70,7cbbc4,M,South
71,e2c420,M,South
72,32bb90,F,South
73,d2ddea,F,South
74,ad61ab,M,South
75,d09bf4,F,South
76,fbd793,M,South
77,28dd2c,M,South
78,35f4a8,M,South
79,d1fe17,M,South
80,f033ab,M,North
81,43ec51,F,South
82,9778d5,M,North
83,fe9fc2,M,South
84,68d30a,M,North
85,3ef815,M,North
86,93db85,F,South
87,c7e124,M,South
88,2a38a4,M,South
89,764796,F,South
90,861398,M,South
91,54229a,M,South
92,92cc22,F,North
93,98dce8,F,South
94,f4b9ec,M,South
95,812b4b,F,South
96,26657d,M,South
97,e2ef52,M,South
98,ed3d2c,F,South
99,ac627a,M,South
100,f89913,M,South
101,38b3ef,M,South
102,ec8956,F,South
103,6974ce,M,South
104,c9e107,M,North
105,65b9ee,M,South
106,f0935e,M,North
107,a97da6,M,North
108,a3c65c,F,South
109,2723d0,F,South
110,5f93f9,M,South
111,698d51,M,South
112,7f6ffa,F,North
113,73278a,F,South
114,5fd0b3,M,North
115,2b4492,M,South
116,c45147,M,North
117,eb160d,M,North
118,5ef059,F,North
119,07e1cd,M,South
120,da4fb5,F,South
121,4c56ff,M,South
122,a0a080,M,South
123,202cb9,M,South
124,c8ffe9,M,North
125,3def18,M,South
126,69059,F,North
127,ec5dec,F,South
128,76dc61,M,South
129,d1f491,M,North
130,9b8619,M,South
131,1afa34,F,South
132,65ded5,M,South
133,9fc3d7,M,South
134,02522a,M,South
135,7f1de2,M,South
136,42a0e1,F,South
137,3988c7,F,South
138,013d40,M,South
139,e00da0,M,South
140,138597,F,North
141,0f28b5,M,North
142,a8baa5,F,North
143,903ce9,M,North
144,0a09c8,F,North
145,2b24d4,M,South
146,a5e001,F,South
147,8d5e95,M,South
148,47d1e9,M,South
149,f22170,M,South
150,7ef605,M,North
151,a8f15e,M,South
152,37a749,M,South
153,b3e3e3,M,North
154,1d7f7a,M,South
155,2a79ea,M,South
156,1c9ac0,F,South
157,6c4b76,M,North
158,64096,M,South
159,140f69,M,South
160,b73ce3,M,North
161,bd4c9a,F,South
162,82aa4b,M,North
163,0777d5,M,North
164,fa7cdf,M,South
165,976652,M,South
166,7e7757,F,South
167,5878a7,M,South
168,006f52,F,South
169,363663,F,South
170,1.49E+98,M,South
171,a4a042,M,South
172,1ff8a7,M,South
173,f7e6c8,M,South
174,bf8229,M,South
175,821612,F,South
176,38af86,M,South
177,96da2f,M,South
178,8f8551,M,South
179,8f5329,M,North
180,45117,M,North
181,fc2213,M,South
182,4c5bde,M,South
183,cedebb,M,South
184,6cdd60,M,South
185,eecca5,M,North
186,9872ed,F,South
187,31fefc,M,South
188,9dcb88,F,South
189,a2557a,M,South
190,cfecdb,F,South
191,0aa188,M,South
192,58a2fc,M,South
193,bd686f,M,South
194,a597e5,M,South
195,0336dc,F,South
196,084b6f,F,South
197,85d8ce,F,North
198,0e6597,M,South
199,84d9ee,M,South
200,3644a6,M,South
201,757b50,M,South
202,854d6f,F,South
203,e2c0be,M,North
204,274ad4,F,South
205,eae27d,M,North
206,7eabe3,F,North
207,69adc1,F,North
208,091d58,M,North
209,b1d10e,M,North
210,6f3ef7,M,South
211,eb1637,M,North
212,1534b7,M,South
213,979d47,F,South
214,ca46c1,M,North
215,3b8a61,F,South
216,45fbc6,F,South
217,63dc7e,M,North
218,e96ed4,M,South
219,c0e190,F,South
220,ec8ce6,M,South
221,060ad9,M,South
222,bcbe33,M,South
223,115f89,M,South
224,13fe9d,M,North
225,d1c38a,M,North
226,9cfdf1,M,South
227,705f21,M,South
228,74db12,F,South
229,57aeee,F,South
230,6da900,M,South
231,9b04d1,F,South
232,be83ab,F,North
233,e16542,M,North
234,289dff,M,South
235,577ef1,M,South
236,01161a,M,South
237,539fd5,M,South
238,ac1dd2,M,South
239,555d67,M,South
240,335f53,M,South
241,f340f1,F,South
242,e4a622,M,North
243,cb70ab,M,South
244,918890,M,South
245,2.66E+05,M,South
246,38db3a,M,South
247,3cec07,M,North
248,621bf6,M,South
249,7.70E+30,M,South
250,6c9882,F,North
251,19f3cd,F,North
252,03c6b0,M,South
253,c24cd7,M,South
254,c52f1b,M,North
255,fe131d,M,North
256,f71849,M,South
257,d96409,M,South
258,502e4a,F,South
259,cfa086,M,North
260,a4f236,M,South
261,b1a59b,M,North
262,36660e,F,South
263,8c19f5,M,South
264,d6baf6,M,South
265,e56954,M,North
266,f76640,M,North
267,eda80a,F,South
268,8f121c,F,South
269,06138b,F,North
270,390597,M,North
271,7f100b,M,South
272,7a614f,M,South
273,4734ba,M,South
274,d947bf,F,South
275,63923f,M,South
276,db8e1a,M,South
277,20f075,F,South
278,07cdfd,M,North
279,d39577,F,South
280,92c8c9,M,South
281,e3796a,M,South
282,6a9aed,M,South
283,0f49c8,M,South
284,46ba9f,M,South
285,0.00E+00,M,South
286,16a5cd,M,South
287,918317,M,North
288,48aedb,M,South
289,839ab4,M,South
290,f90f2a,F,South
291,9c838d,M,North
292,170000,M,South
293,53c3bc,M,South
294,688396,M,South
295,49182f,F,South
296,d296c1,M,South
297,9fd818,M,North
298,26e359,M,South
299,ef0d39,F,South
300,94f6d7,M,South
301,34ed06,M,North
302,577bcc,M,South
303,11b984,M,South
304,37bc2f,M,South
305,4.96E+07,M,South
306,b2eb73,F,South
307,8e98d8,F,South
308,a8c88a,M,North
309,eddea8,M,South
310,06eb61,M,North
311,9dfcd5,M,South
312,950a41,M,North
313,158f30,F,South
314,758874,M,South
315,ad13a2,M,South
316,3fe94a,F,South
317,5b8add,M,South
318,432aca,F,South
319,8d3bba,M,South
320,320722,M,North
321,caf1a3,M,South
322,5737c6,M,North
323,bc6dc4,M,South
324,f2fc99,F,North
325,89f0fd,M,South
326,a66658,F,South
327,b83aac,M,South
328,cd0069,F,South
329,6faa80,M,South
330,fe73f6,M,South
331,6da37d,M,South
332,c042f4,M,South
333,310dcb,M,South
334,2f2b26,F,South
335,f9b902,M,South
336,685545,F,North
337,357a6f,F,North
338,819f46,M,South
339,40259,F,North
340,40008b,M,South
341,3dd48a,M,North
342,58238e,M,South
343,3ad7c2,F,South
344,b3967a,M,South
345,d81f9c,M,South
346,13f989,M,South
347,c5ff25,F,South
348,01386b,M,South
349,0bb4ae,M,North
350,9de6d1,F,South
351,efe937,M,North
352,371bce,M,South
353,138bb0,M,South
354,8dd48d,M,South
355,82cec9,M,South
356,6c524f,M,South
357,fb7b9f,M,South
358,aa942a,M,South
359,c058f5,M,North
360,e7b24b,F,South
361,52720e,F,South
362,c3e878,M,South
363,4114,F,South
364,bac916,M,South
365,9be40c,M,South
366,5ef698,F,South
367,05049e,M,South
368,cf004f,F,South
369,0c74b7,F,South
370,d709f3,M,South
371,41f1f1,M,South
372,24b16f,M,South
373,ffd52f,F,South
374,ad972f,M,South
375,f61d69,M,South
376,142949,M,South
377,d34ab1,M,South
378,8bf121,M,South
379,a02ffd,M,South
380,bca82e,M,South
381,00ec53,M,South
382,4f6ffe,M,South
383,beed13,M,South
384,0584ce,F,North
385,dc912a,M,North
386,39461a,M,South
387,8efb10,M,North
388,d9fc5b,M,North
389,c86a7e,F,North
390,a01a03,M,South
391,5a4b25,M,South
392,f73b76,F,South
393,70c639,M,South
394,28f0b8,M,South
395,154384,F,South
396,f8c1f2,M,South
397,e46de7,F,South
398,b7b16e,F,South
399,352fe2,M,South
400,18d804,M,South
401,816b11,M,South
402,69cb3e,M,South
403,bbf94b,F,North
404,4f4adc,F,South
405,bbcbff,M,South
406,8cb22b,M,South
407,f4f6dc,M,South
408,0d0fd7,M,North
409,a96b65,F,North
410,1068c6,M,South
411,17d63b,M,South
412,b9228e,F,South
413,0deb1c,F,South
414,66808e,M,South
415,42e7aa,M,South
416,8fe009,M,South
417,41ae36,F,South
418,d1f255,F,North
419,7eacb5,M,South
420,b6f047,M,South
421,e0c641,M,South
422,f85454,M,South
423,faa9af,M,South
424,3c7781,F,North
425,25b282,M,South
426,6ecbdd,F,South
427,189977,F,South
428,8d7d8e,M,South
429,75fc09,M,South
430,f74909,F,South
431,663682,M,South
432,2.48E+86,M,South
433,019d38,M,South
434,a49e94,M,South
435,ddb306,M,North
436,2421fc,F,South
437,fccb60,M,South
438,1651cf,M,South
439,eed5af,M,South
440,a8abb4,F,South
441,15d4e8,M,South
442,c203d8,F,South
443,13f3cf,F,North
444,550a14,M,South
445,67f7fb,F,South
446,1a5b1e,M,South
447,9a9687,F,South
448,9b70e8,M,South
449,d61e4b,M,North
450,f5f859,M,South
451,941e1a,F,South
452,9431c8,M,South
453,49ae49,M,North
454,e44fea,F,South
455,821fa7,M,South
456,250cf8,M,South
457,42998c,F,South
458,d07e70,M,South
459,7fe1f8,M,South
460,98b297,F,South
461,0353ab,M,South
462,51d92b,F,South
463,428fca,F,South
464,f1b6f2,M,South
465,68ce19,M,South
466,e836d8,M,South
467,ab817c,M,North
468,877a9b,M,North
469,dc6a64,M,South
470,263373,M,South
471,8e6b42,M,South
472,ef575e,F,South
473,2.05E+03,F,South
474,25ddc0,M,South
475,5ef0b4,M,South
476,598b3e,F,North
477,74071a,M,South
478,cfee39,M,South
479,d18f65,M,North
480,6ea2ef,M,South
481,9461cc,M,South
482,f770b6,M,North
483,e1e32e,F,North
484,eba0dc,M,South
485,218a0a,M,South
486,7d04bb,F,South
487,a516a8,F,North
488,c3c59e,M,South
489,854d9f,M,South
490,c41000,M,South
491,559cb9,F,North
492,55a7cf,M,North
493,2f5570,M,South
494,1be3bc,M,North
495,350510,M,South
496,b534ba,M,South
497,7380ad,M,South
498,05f971,M,South
499,3cf166,M,South
500,cee631,M,South
501,a446d3,M,South
502,3739cc,F,South
503,6c68b7,M,North
504,70dcc8,F,South
505,a79bb0,M,South
506,5ecc5a,F,North
507,f7d90a,M,North
508,676ce3,F,South
509,8a4289,M,South
510,81040,F,South
511,f9dc33,M,South
512,1306da,F,South
513,82681,M,North
514,28d52e,M,South
515,c48562,M,South
516,957dc0,M,South
517,9ff3a2,F,South
518,618bb1,M,North
519,e9d012,M,North
520,a48731,M,South
521,2632eb,M,South
522,83ed03,M,South
523,2ec3a8,M,South
524,c00e5f,M,South
525,51556b,M,South
526,3f11c0,F,South
527,d08872,F,South
528,39c4cd,M,South
529,b90f2e,M,South
530,166861,M,South
531,1c1409,M,South
532,169dd3,F,South
533,b4cfe6,M,North
534,0f7a74,F,South
535,1558d7,M,South
536,f0d927,M,North
537,6ef636,M,South
538,c02ce6,M,South
539,37c844,M,South
540,0c7d02,M,South
541,74e816,M,North
542,c51cb1,F,South
543,396d06,M,North
544,ca868e,M,South
545,13e986,F,South
546,c2b43f,F,North
547,f01ba8,F,South
548,515ef6,F,North
549,fa8325,M,South
550,b49d81,M,North
551,3de39d,F,South
552,617d26,M,South
553,d56c2a,F,North
554,4b2c4e,M,South
555,f2dca6,M,North
556,748aa2,F,South
557,15e850,M,South
558,81c3a3,F,South
559,aad28d,M,North
560,e8b021,M,North
561,fc9a65,M,North
562,3116b3,M,South
563,512d3f,M,South
564,3020df,M,South
565,9286bc,F,North
566,8884d5,M,North
567,200082,M,North
568,2d39db,F,South
569,a60f65,M,South
570,17ccc5,M,South
571,0426be,M,South
572,b28827,F,South
573,071bc6,F,South
574,2b2e4f,F,South
575,3.58E+26,M,South
576,866825,M,North
577,4d2600,M,South
578,7af144,M,South
579,a98cf7,F,South
580,e3dfcf,F,South
581,691f39,F,South
582,0ed373,M,North
583,1e776a,M,North
584,774295,F,North
585,1a8379,M,South
586,a9826b,M,North
587,7f747b,M,South
588,7e7a2b,F,South
589,d052fe,M,North
590,10e982,M,North
591,d8032d,M,South
592,b27eda,M,South
593,0d4a40,F,South
594,957134,M,South
595,fd89ac,F,South
596,6979db,M,South
597,55de18,M,South
598,ffc357,F,North
599,d7a683,M,South
600,93000f,M,South
601,41dd88,F,South
602,588295,M,North
603,4a0fa3,F,North
604,192a3f,M,South
605,8bfb56,M,South
606,1c6b65,M,South
607,0d1395,F,South
608,3860f0,M,South
609,356cf9,M,South
610,1.52E+07,F,South
611,d6e45f,M,South
612,7c7bc8,M,North
613,457262,M,South
614,f202bc,F,South
615,95d817,M,South
616,f7d4ae,M,South
617,e9ad06,F,South
618,e3fc3a,M,South
619,b18565,F,North
620,12dbc8,F,South
621,6c006d,M,South
622,dbc2c0,M,South
623,cf60cd,M,South
624,4208ef,M,South
625,991739,M,South
626,00f35a,M,South
627,7539c8,M,South
628,1c6073,M,South
629,6b4b9d,M,South
630,da562b,F,South
631,c402d4,M,South
632,1048db,F,North
633,047aa5,F,South
634,257302,M,North
635,2e258a,M,North
636,86ff7b,M,South
637,13f75e,M,North
638,1c6925,M,South
639,b30f95,F,South
640,3673d6,M,South
641,d7e55e,F,South
642,71c9cf,M,South
643,554588,M,South
644,0a7b3c,M,South
645,212611,M,South
646,8278f2,M,South
647,b0b666,M,South
648,d3e3b3,F,South
649,3e410c,M,South
650,855694,F,South
651,d45b22,F,North
652,e63d48,F,South
653,17429f,M,North
654,e2f878,M,North
655,2f9efb,F,North
656,95425b,M,South
657,0885ad,M,South
658,32851d,F,North
659,9fdf0a,F,South
660,5900f6,M,South
661,f6e010,F,South
662,c2b807,M,South
663,59c4b4,M,South
664,0cb7dd,M,South
665,5cb3eb,M,South
666,e4f33c,M,South
667,75260d,M,South
668,36a153,M,North
669,5c29e3,M,South
670,a6d0e5,F,South
671,300c3b,M,South
672,2b322c,F,South
673,553f86,M,North
674,4abc8a,M,South
675,019dcc,F,South
676,d46a1c,F,North
677,026a9a,M,South
678,5a521c,M,South
679,a30061,F,South
680,0bcfa1,M,South
681,2e21c8,F,North
682,97652a,F,South
683,7.14E+77,M,South
684,36a581,M,South
685,d56bc0,F,South
686,4d2bf5,M,South
687,8a6970,M,South
688,97d790,M,North
689,382c04,M,South
690,50261e,M,South
691,80294f,F,South
692,1ee2fe,M,South
693,aeb73b,M,South
694,5d36cb,M,South
695,92f990,M,South
696,5e7d35,M,South
697,9c5a5e,M,North
698,31a612,M,North
699,455428,M,North
700,e8aeff,M,South
701,5a18d5,M,South
702,067d4b,F,South
703,0c1a6a,M,South
704,6b93e2,M,North
705,599af0,M,South
706,73fc72,M,South
707,0fc658,M,North
708,24588,M,South
709,85a77b,F,South
710,9ef039,M,South
711,5a6b2b,M,North
712,fa1681,M,South
713,f752fb,M,South
714,3d502b,F,South
715,0aedd9,M,South
716,6f0d75,M,South
717,b4e9a5,M,North
718,f404ac,M,South
719,8fbd57,M,North
720,fe0154,M,South
721,749717,F,South
722,c53d1a,F,South
723,74119e,M,South
724,b581b0,F,South
725,24f5a5,M,South
726,f21200,M,South
727,ecaa5f,M,North
728,d619e4,M,South
729,dbc5fe,M,South
730,575c62,F,South
731,fb0702,M,South
732,368f87,M,South
733,061fca,M,South
734,0eecbb,M,South
735,c3aede,M,South
736,4a21d7,M,South
737,a88c32,M,South
738,eefca9,M,South
739,6ef7b8,F,South
740,9124c5,M,South
741,274c8f,M,South
742,30b742,M,South
743,00c967,M,South
744,e34a77,M,South
745,8a1587,M,South
746,69930a,M,South
747,74c435,F,South
748,f61748,M,North
749,c3f1dd,M,South
750,113d03,M,South
751,1b5a68,M,South
752,2bb4ed,M,South
753,975d24,M,South
754,0582c3,M,North
755,1edbe0,M,South
756,00dc3a,F,North
757,dc7fd6,F,South
758,e9cbc2,M,South
759,329df4,F,South
760,ff9338,M,South
761,22187,F,South
762,c73987,M,South
763,947179,M,South
764,39adaa,M,South
765,1cefb6,F,South
766,2b4063,M,South
767,904cee,F,South
768,9b5f71,M,South
769,ad1f2c,F,South
770,18f517,M,South
771,55c55b,F,South
772,4c40e8,M,North
773,ccf057,M,South
774,a2d56c,M,North
775,fdf68a,M,South
776,72d72c,F,South
777,188a1c,M,North
778,0b2457,F,South
779,18f57c,M,North
780,172c5b,M,South
781,d5f9a8,F,South
782,dce1d6,M,South
783,251cb7,F,South
784,3a8051,M,South
785,3221a7,F,South
786,3de596,F,South
787,d8f836,M,South
788,04de71,M,South
789,4d5962,M,South
790,4b9798,F,North
791,b51d8c,M,South
792,ee51e7,M,South
793,6a570d,M,North
794,a764b9,F,South
795,198bf1,M,North
796,71473b,M,South
797,3b5b0f,M,South
798,ad0651,M,South
799,6a9c7b,F,North
800,c59a86,M,South
801,f18090,M,North
802,f1e53d,M,South
803,062b2e,F,South
804,67303f,F,South
805,c88e40,M,South
806,fae8ce,F,South
807,1f9083,M,South
808,09f766,M,South
809,e07182,M,South
810,74f5ea,M,South
811,d614e6,M,South
812,78bfe4,M,South
813,e1890a,F,South
814,c5ce1c,M,North
815,4.91E+91,M,South
816,ca7bbc,M,South
817,7c4f97,M,South
818,ad655e,M,North
819,612cc4,M,North
820,13a2c2,M,North
821,0cba92,F,South
822,dc7202,M,South
823,6c5ffe,M,South
824,d128a9,F,South
825,7d2ebf,M,South
826,e2f05b,M,South
827,616a09,M,South
828,44f007,M,South
829,47b872,M,South
830,96a40b,M,North
831,5cf70b,F,South
832,85daae,M,South
833,776595,F,South
834,d1d417,M,South
835,4a3f9f,M,South
836,7820ec,F,South
837,4628c7,M,South
838,1f8dd5,M,North
839,91e2ea,M,South
840,ca1bca,M,North
841,658d6c,F,North
842,20ea51,M,South
843,06620e,M,South
844,b0a0c3,M,North
845,ae9097,F,South
846,92cd7f,M,North
847,bcf585,M,North
848,3ba45d,M,North
849,ba419e,M,South
850,2.85E+03,M,South
851,97907c,M,South
852,ba3725,M,South
853,b946ee,M,North
854,dc5df4,M,South
855,fc85d6,F,South
856,d6a834,M,South
857,2a53fd,M,North
858,ff9b4b,M,North
859,44ea1f,M,South
860,b708af,M,South
861,383ed5,M,South
862,039c72,M,South
863,e2248f,M,South
864,d87c9b,M,South
865,9a78ed,M,South
866,80879b,F,South
867,db7de3,M,South
868,04273a,M,North
869,869f54,F,South
870,727d76,M,South
871,0644ee,M,South
872,11270e,F,North
873,dae6f5,M,North
874,1a6dda,F,South
875,2ec9fb,F,South
876,405f0d,M,South
877,b49ced,M,North
878,454bd7,F,South
879,04a4e0,M,South
880,206240,M,South
881,478f28,F,South
882,2637aa,M,South
883,10c3c8,M,South
884,25d147,M,South
885,ae7068,M,South
886,e33b61,F,North
887,05009b,M,South
888,56c015,M,South
889,1652,F,South
890,cd7f02,F,South
891,b81045,F,South
892,1e8c2d,M,South
893,0f6c9f,M,South
894,46317c,M,North
895,2e83b4,M,South
896,838000,M,South
897,a82631,F,South
898,da47b2,F,South
899,75fc0f,M,South
900,56669c,M,South
901,e8f584,M,South
902,5864bc,M,South
903,2e04c6,M,South
904,5eb096,F,South
905,624702,M,South
906,c2d632,M,North
907,821878,M,South
908,a54d00,M,South
909,a44717,M,South
910,f5ae11,M,North
911,9bb58b,M,South
912,aef9d8,F,North
913,9310d5,M,South
914,25cf57,M,North
915,4753d4,F,South
916,12bf9d,M,South
917,adc53a,F,South
918,8.44E+06,M,North
919,1e7467,M,North
920,529f02,M,South
921,9cd08f,F,South
922,5ecca8,M,South
923,e4d9f4,M,South
924,cd7cfd,F,South
925,1d1488,F,South
926,35c4ed,M,South
927,1edc73,M,South
928,7cd97b,M,South
929,92ee89,F,South
930,b355b4,M,South
931,66f866,M,South
932,62e9b2,M,South
933,2a7bf3,M,South
934,cdfa92,F,South
935,f2aa1f,M,South
936,6bec8d,F,South
937,f3f25d,M,South
938,0b7c24,M,North
939,3551ae,M,South
940,c90ea9,F,South
941,2d0973,M,South
942,0d8eb5,M,South
943,ac1c29,F,South
944,c20a23,M,North
945,76f029,M,South
946,9b6ef5,M,South
947,13c322,M,South
948,f1ef0b,M,North
949,2c4013,M,North
950,a96443,M,South
951,092d3d,M,North
952,6cc48e,M,South
953,5da2e9,M,South
954,dc3d86,M,South
955,faabc8,M,North
956,024e6e,M,South
957,b2a32c,M,South
958,0feb5d,F,South
959,78f9b3,M,South
960,067a26,M,South
961,98979a,M,North
962,3c7567,M,North
963,fd5a4a,M,South
964,2b5d0f,F,South
965,7f0355,F,South
966,5edbd6,F,South
967,eee875,M,North
968,301395,M,South
969,b580b2,M,South
970,17497a,M,North
971,e52fd7,M,North
972,8db5ce,F,North
973,73b2af,F,South
974,93ad45,M,South
975,fe7770,M,South
976,2447bb,M,South
977,53c9e0,M,South
978,75adb2,M,South
979,dcb6c8,M,South
980,5918b4,M,South
981,6de4b6,M,South
982,9061c1,F,North
983,1404fc,F,South
984,1f778d,M,South
985,a4a9fd,F,South
986,424281,M,South
987,bdc704,F,South
988,fbc378,M,South
989,8.48E+03,M,South
990,07dc8c,F,South
991,7ec919,M,South
992,a278e0,M,South
993,aeb302,M,North
994,96aead,M,South
995,eca8ba,M,South
996,de0169,M,North
997,0bb40c,M,South
998,9.48E+06,M,North
999,858347,M,South
1000,49cb32,F,South
1001,ed7099,M,North
1002,28e7cd,M,North
1003,ac418c,M,South
1004,2c8c4a,M,North
1005,69885d,M,South
1006,2a6e53,M,South
1007,995168,M,South
1008,3c4d72,M,South
1009,130c99,M,South
1010,9373f5,F,South
1011,7b65d9,M,South
1012,814bee,M,South
1013,1fa9dc,F,South
1014,57ae47,M,South
1015,1b7f3c,M,North
1016,ec9ed1,M,South
1017,e15cde,M,South
1018,467446,M,South
1019,32b30d,M,South
1020,822069,F,South
1021,56d55b,M,South
1022,6008f3,F,South
1023,114144,M,South
1024,1194cc,M,North
1025,728449,M,South
1026,8f4a6d,M,South
1027,a96445,F,South
1028,4330a5,M,North
1029,31ed15,M,South
1030,e56007,M,South
1031,384ea6,F,North
1032,4dda01,F,South
1033,6ec64a,F,South
1034,2f3541,M,South
1035,d0ab67,F,North
1036,8f1274,M,South
1037,25c0ae,F,North
1038,7dbef1,M,South
1039,a6aa7d,M,North
1040,eddbd6,M,North
1041,236a79,F,South
1042,f7d953,M,South
1043,4ecb83,M,South
1044,7d03cf,M,South
1045,e974ed,F,North
1046,c39c27,M,South
1047,d518ea,M,South
1048,c62e72,M,South
1049,ade5b6,M,South
1050,78ce0d,M,South
1051,a3dced,M,South
1052,4e36aa,M,South
1053,41004f,F,South
1054,ffdd7e,M,South
1055,91c1e4,F,South
1056,f06f29,M,South
1057,f57804,F,North
1058,caf192,M,South
1059,cbcee5,M,South
1060,51f73c,M,South
1061,8348c8,F,South
1062,a4556b,M,South
1063,40d12c,M,South
1064,794dee,M,South
1065,48c70d,M,North
1066,888aa1,M,South
1067,9540ee,M,South
1068,bf0b5d,F,South
1069,d7acda,M,North
1070,43d4f4,M,South
1071,42f483,M,South
1072,aab89e,F,South
1073,f7f0f8,M,South
1074,6f4b9e,M,South
1075,57d867,F,South
1076,f6325a,M,South
1077,50234d,F,North
1078,742286,F,South
1079,770e1c,M,South
1080,b2969b,F,South
1081,7bae4d,F,South
1082,220095,M,South
1083,a37cbf,M,South
1084,6d5f7c,F,South
1085,ab7746,M,South
1086,e16ce1,M,South
1087,296d07,M,South
1088,afad54,M,South
1089,341488,M,South
1090,3d2d54,M,South
1091,23f3f8,M,South
1092,6d240b,M,South
1093,a666ef,M,South
1094,36be44,M,North
1095,335c55,M,South
1096,1.60E+82,F,North
1097,11bfeb,M,North
1098,fc630a,M,South
1099,3cc483,F,South
1100,12715b,F,South
1101,a7af4a,M,South
1102,bf54d8,F,North
1103,dce764,M,South
1104,6bd6ba,M,South
1105,e5cc5f,M,South
1106,ec8b4e,F,South
1107,a9e0c3,F,South
1108,370b14,M,North
1109,1b6d74,M,South
1110,d4cd40,M,South
1111,135ac5,M,South
1112,13d2c9,M,South
1113,8e317e,M,North
1114,b34a08,M,South
1115,474d39,M,South
1116,a2ee85,M,South
1117,8be687,M,South
1118,01e0a8,M,South
1119,ca5acb,M,South
1120,5cf21f,M,North
1121,23ecdb,M,South
1122,b60112,M,South
1123,64e2c8,F,South
1124,a5162a,M,South
1125,38eaa0,M,South
1126,99c849,M,South
1127,2ebe6a,F,North
1128,12359b,F,South
1129,ce3a75,M,South
1130,f9ec4a,M,South
1131,1a9a2a,F,South
1132,9c38c8,F,South
1133,235b61,M,South
1134,0774fb,F,South
1135,8bde00,M,South
1136,501406,F,South
1137,16920d,M,South
1138,7b0525,M,South
1139,8bba89,M,South
1140,74f56f,F,South
1141,863329,M,South
1142,ae2a28,M,South
1143,2113aa,M,South
1144,595fd2,F,South
1145,cdecf8,M,South
1146,cf70f0,F,South
1147,a7dc45,M,North
1148,c796bd,M,South
1149,2986f6,M,South
1150,322fd1,F,North
1151,3f0641,M,South
1152,16fcc5,M,South
1153,dbe2d6,M,North
1154,9394d9,M,South
1155,8ea6b2,F,South
1156,f31bfd,M,North
1157,957b3a,M,South
1158,cca605,M,South
1159,1d97a9,M,South
1160,2e33e0,M,South
1161,7c3d5f,F,South
1162,c021a4,M,South
1163,4978b8,F,South
1164,ed7347,F,South
1165,9f0ac7,F,South
1166,611d42,M,North
1167,48c2af,M,North
1168,fde9a4,F,South
1169,d5dc8b,M,South
1170,76bb9c,F,South
1171,6e3db3,F,South
1172,2e3090,F,South
1173,d7a98e,M,North
1174,44162,M,South
1175,f9d4e3,M,South
1176,326508,M,South
1177,28060c,M,South
1178,433d04,M,South
1179,0b87cb,M,South
1180,5eb280,M,South
1181,67c175,M,South
1182,0ce3b0,F,South
1183,5b68b6,M,South
1184,56ed52,M,South
1185,5bcb93,M,South
1186,c5dd1d,F,North
1187,86b02d,M,South
1188,6046eb,M,South
1189,42d377,M,South
1190,cdec43,M,South
1191,543a2f,M,South
1192,e389ce,M,South
1193,ef7e71,M,South
1194,a74f6f,F,South
1195,338349,M,South
1196,91f222,M,South
1197,ee12cf,M,South
1198,84d725,F,North
1199,e556f6,M,South
1200,1b7be6,M,South
1201,03bdcb,M,South
1202,e8086a,M,South
1203,218077,F,South
1204,65fe83,M,South
1205,a9d3f0,F,South
1206,cc50ed,F,South
1207,72fc3d,M,South
1208,c6e79b,M,South
1209,0e9f84,M,North
1210,700fe9,F,South
1211,71ee47,F,South
1212,1c8905,F,South
1213,d8fe2e,F,South
1214,6ed910,F,South
1215,593a35,M,South
1216,06cc3f,M,South
1217,2fba33,F,South
1218,dbdd1d,F,South
1219,3bb75e,F,South
1220,5ea2a4,F,South
1221,2f98e5,M,South
1222,022f5f,F,North
1223,689ed8,F,South
1224,7f2acc,F,South
1225,7c1a63,M,North
1226,04df4c,F,North
1227,d0acc5,M,South
1228,6b0d06,F,South
1229,ee8f59,M,South
1230,eae65a,M,North
1231,a31478,M,South
1232,106769,F,South
1233,f57764,F,North
1234,b5e3d2,F,North
1235,57d02a,F,South
1236,349d38,M,North
1237,aa814a,F,North
1238,359c9d,M,South
1239,0cd75e,M,North
1240,44fbee,M,South
1241,9771f7,M,South
1242,6db5d7,F,South
1243,957adc,F,South
1244,46183a,F,South
1245,fea51b,M,South
1246,33bcb0,M,South
1247,5fa6e2,M,North
1248,db423e,M,South
1249,b58db0,M,South
1250,6ae143,F,North
1251,0a0306,M,South
1252,a636a4,M,South
1253,d65932,M,South
1254,3e9d84,M,South
1255,97b83a,M,South
1256,34cfdf,F,South
1257,3ea186,F,South
1258,a8e347,M,South
1259,967c5f,M,South
1260,7c63c2,M,South
1261,b7019a,M,South
1262,88673a,M,South
1263,be83ce,M,South
1264,3e84f6,M,South
1265,7ca184,M,South
1266,925864,F,South
1267,9d3949,F,South
1268,f9fdc4,M,South
1269,1b5296,M,South
1270,1dce93,M,South
1271,ce318a,F,South
1272,83fffe,F,South
1273,831039,M,South
1274,d643d2,M,South
1275,58abb7,F,North
1276,7ba91a,M,South
1277,0e7a8c,M,South
1278,1cd3ca,M,South
1279,4a10ad,M,South
1280,8d0ac0,M,South
1281,45f8bf,F,North
1282,45d4f7,F,South
1283,63ce39,M,South
1284,545a35,F,South
1285,36dbe2,M,South
1286,a8a7ad,F,North
1287,86dcf2,F,South
1288,4a978a,M,North
1289,d8eb77,F,North
1290,64759a,M,South
1291,a5dabc,M,South
1292,0ef281,M,North
1293,795b32,F,North
1294,a76482,F,South
1295,9aadc2,M,South
1296,3a9029,F,South
1297,f9a579,M,South
1298,3ebe9b,F,South
1299,4febb7,M,South
1300,17b25b,M,South
1301,8c6d48,M,North
1302,213cf6,M,South
1303,4c9d72,M,South
1304,3b5797,F,South
1305,ffebf1,M,South
1306,44fcb0,F,South
1307,ad1db4,F,South
1308,7e5595,F,South
1309,dc62d6,M,South
1310,ba9a58,F,South
1311,d50c17,M,South
1312,866d49,M,South
1313,b9a0f7,M,North
1314,85e66c,M,South
1315,f4eabe,M,South
1316,597f2d,F,South
1317,3e9229,M,South
1318,260448,M,South
1319,85a869,M,South
1320,2627f7,M,South
1321,0cefde,M,South
1322,f1d981,M,North
1323,23ca32,M,South
1324,800a20,M,South
1325,535cc0,M,South
1326,812e1b,M,South
1327,d7d12e,F,North
1328,52c8ed,F,North
1329,f757dc,M,South
1330,47c697,M,South
1331,5e526c,M,South
1332,aa4314,M,South
1333,bbdac6,M,North
1334,c8d024,M,North
1335,a05109,M,South
1336,ca844e,F,South
1337,39b405,M,South
1338,e35f23,M,North
1339,a16550,F,South
1340,c69b7b,F,South
1341,ce3d64,M,South
1342,54e5cc,M,South
1343,c0c44e,M,North
1344,ecfc8f,F,North
1345,643cca,F,South
1346,57e5d6,M,South
1347,c3f9df,M,North
1348,6f9d5d,M,South
1349,4a95e1,M,South
1350,6ba042,M,South
1351,f855d1,M,South
1352,9b63ef,M,South
1353,cd5e23,M,South
1354,83c90d,M,South
1355,978360,M,South
1356,b42dea,F,South
1357,73b2a6,F,South
1358,79bea2,M,North
1359,d5d96d,F,South
1360,bd7e5e,M,South
1361,4351a6,M,South
1362,ada34c,M,South
1363,4c0e26,F,North
1364,cb41cf,M,South
1365,110cfc,F,North
1366,f78dc6,M,South
1367,aee327,M,South
1368,b98d87,F,South
1369,6c8311,M,North
1370,8dfcc4,M,South
1371,540486,M,North
1372,ba790a,F,South
1373,2e1e29,M,North
1374,66efeb,M,South
1375,3a8d9f,M,South
1376,3d83d3,M,South
1377,efbd1e,M,South
1378,c1157e,M,South
1379,648115,M,North
1380,664816,F,South
1381,f488f9,F,North
1382,952e3d,M,North
1383,eef00f,M,South
1384,64114d,M,North
1385,8c2ea6,M,North
1386,9ab09e,F,South
1387,16c732,M,South
1388,bf6d28,M,South
1389,3cfd39,M,South
1390,7a215b,M,North
1391,45ba1f,M,South
1392,827828,F,South
1393,097ef0,M,North
1394,36e2d2,M,North
1395,12d9ac,M,North
1396,c812a8,M,South
1397,9072b5,F,South
1398,3b46d1,F,North
1399,5ec8bc,M,South
1400,ef973c,F,South
1401,9a881a,M,North
1402,8e3c60,F,South
1403,db1906,F,South
1404,1d81a0,M,South
1405,6baaac,F,North
1406,27beba,F,South
1407,0f5c54,M,South
1408,44b73b,F,North
1409,d4cbe4,M,North
1410,7.05E+90,F,South
1411,341eee,M,South
1412,2b18cf,M,South
1413,818387,F,South
1414,528446,F,South
1415,71261c,M,North
1416,c5f4d3,M,South
1417,78869c,M,South
1418,6.58E+04,M,South
1419,58c5ce,M,North
1420,50fbda,M,South
1421,c2b6fb,M,South
1422,a6c3e9,M,South
1423,31ef81,F,South
1424,12010e,F,North
1425,27ca09,F,North
1426,eb28c1,M,South
1427,ad0e0b,M,South
1428,2ca105,M,South
1429,ccafa4,M,South
1430,c6af6f,M,South
1431,6699f5,F,South
1432,11fb62,M,South
1433,29ba4a,M,North
1434,b9b37b,M,South
1435,7f2a9f,M,South
1436,5fb432,M,South
1437,627b73,F,North
1438,f381a3,M,South
1439,41f96b,M,South
1440,7ed3c4,M,South
1441,1c1827,M,North
1442,29ed17,M,South
1443,81823,M,South
1444,eb6dce,M,South
1445,30cf50,F,South
1446,3e976d,F,South
1447,ffe4fa,M,North
1448,045eae,M,South
1449,3db901,F,North
1450,02ab48,F,North
1451,bf9484,M,South
1452,1fef92,M,South
1453,14de71,M,South
1454,9d952a,F,South
1455,a83fe6,F,South
1456,dc259d,M,South
1457,1893d2,M,South
1458,2bae8b,F,South
1459,faf340,M,South
1460,72483e,M,South
1461,19287,M,South
1462,203332,M,South
1463,aab11a,F,South
1464,eb2e77,F,North
1465,bc0725,M,South
1466,5df013,M,South
1467,775d62,M,South
1468,70d128,M,South
1469,90ea04,M,North
1470,b4ca8e,M,North
1471,37d83e,M,South
1472,80c7fe,M,South
1473,6fa64e,F,North
1474,8fcbe4,M,South
1475,c41c99,M,North
1476,755606,M,South
1477,64a2cd,F,South
1478,43ab26,F,North
1479,ada1f4,M,North
1480,981210,M,North
1481,d653c0,M,South
1482,25ffae,M,South
1483,b482a7,M,South
1484,c72047,F,South
1485,af9a20,M,South
1486,c3fe7f,F,South
1487,84a76b,M,South
1488,2ecd95,M,South
1489,5e7177,M,South
1490,1fd98f,F,South
1491,e24f82,M,South
1492,98fea4,M,South
1493,534f9b,F,South
1494,29c7fc,F,South
1495,97e9e9,F,North
1496,8bdb06,F,South
1497,c92a6e,M,South
1498,d1769c,M,South
1499,c70dec,M,North
1500,b5f8df,M,North
1501,2a9154,F,South
1502,217325,F,North
1503,181819,M,North
1504,c4341f,M,North
1505,78afce,M,South
1506,b442d8,F,South
1507,158f74,F,South
1508,e24ca5,F,North
1509,0f0071,M,South
1510,caf566,M,North
1511,4d952d,F,South
1512,4b1b90,M,North
1513,6a610b,M,South
1514,82bc98,M,South
1515,3a4b22,M,North
1516,71e764,M,North
1517,501162,M,South
1518,2a532c,M,South
1519,dee29e,M,South
1520,e972ab,M,North
1521,7a53d4,M,South
1522,7de4e2,M,South
1523,06fafc,F,South
1524,e06515,F,South
1525,300cc4,M,South
1526,0fb544,M,South
1527,7861c2,M,South
1528,bc7f8c,F,South
1529,c62387,M,South
1530,26d52f,M,South
1531,bfd1bf,F,South
1532,d47de2,M,South
1533,6f0f86,F,South
1534,97cf1d,M,North
1535,7bfc53,M,South
1536,9f3a01,F,North
1537,cb11e2,M,North
1538,8f11c3,F,North
1539,182fc4,F,South
1540,5d0d25,F,South
1541,737d37,M,South
1542,730b0a,F,North
1543,cc15a8,F,North
1544,b6aeb3,M,South
1545,10e60b,M,South
1546,0654dd,M,South
1547,d1381a,F,South
1548,c062a6,M,South
1549,d7ab2d,M,South
1550,ff589e,F,South
1551,21c1f3,M,South
1552,2895d2,M,South
1553,725803,F,North
1554,e2fea1,M,South
1555,2d04f6,M,South
1556,a5eabc,M,North
1557,bd3e41,M,South
1558,5725df,F,North
1559,cf0e35,M,South
1560,0b2c22,M,South
1561,bf07c1,M,South
1562,f4c5d6,F,South
1563,19450a,F,North
1564,13b038,M,North
1565,718f49,F,South
1566,569a46,M,North
1567,f0259d,M,South
1568,a5391b,M,South
1569,d0b56a,M,South
1570,4d02a1,F,South
1571,5667ad,M,South
1572,3b5a90,M,North
1573,bac1e1,M,South
1574,f28438,F,South
1575,3eb392,M,South
1576,6df816,M,South
1577,1e72dc,M,North
1578,642b76,M,North
1579,007c20,M,South
1580,879617,M,South
1581,53f242,M,South
1582,0be779,M,North
1583,70804f,F,South
1584,b0240a,M,South
1585,1312a7,M,South
1586,886f15,F,North
1587,79dcb4,M,North
1588,b2d0ec,M,South
1589,ec9947,F,South
1590,ba275f,F,South
1591,26e8e9,M,South
1592,08494b,F,South
1593,0e2865,M,South
1594,9a0dce,M,South
1595,97b3d3,M,South
1596,f1a3d4,M,South
1597,d7df7b,M,South
1598,0ff4aa,F,South
1599,c2ad4f,F,South
1600,64b8ea,F,South
1601,fb9e49,M,South
1602,ab0696,F,South
1603,f719c0,M,North
1604,0af642,M,South
1605,2bc5b5,M,South
1606,8ff55a,M,South
1607,8c3236,M,South
1608,921931,M,North
1609,90090d,F,North
1610,355624,M,North
1611,1a3c5e,F,North
1612,9f76ef,M,North
1613,4a2e0b,M,South
1614,94584e,M,South
1615,9c5130,F,South
1616,dc65c5,M,South
1617,707486,M,South
1618,ef10ed,M,South
1619,1b8abf,M,South
1620,48f6a4,M,South
1621,ad1977,F,South
1622,4.21E+93,M,South
1623,631d53,F,South
1624,bc602e,M,North
1625,3fafa4,F,South
1626,cbd612,M,North
1627,aa36be,M,South
1628,057b67,M,South
1629,ed7524,F,South
1630,69a6d0,F,North
1631,82aae1,M,South
1632,ea7f11,M,South
1633,63bd64,M,South
1634,5ba3b2,F,South
1635,67ea46,M,North
1636,cb82d4,M,South
1637,b6e0ba,F,North
1638,7710dc,F,South
1639,7c91a0,M,South
1640,916c47,F,South
1641,6db4d5,M,North
1642,72b2a9,M,South
1643,cf0e6f,M,South
1644,e2ee43,M,South
1645,edc731,F,South
1646,eb9e2a,M,South
1647,f99055,M,North
1648,659633,F,South
1649,638bde,M,South
1650,c22f50,M,South
1651,c0156f,M,South
1652,3dcc14,M,North
1653,1.28E+70,M,South
1654,bbb0d5,F,South
1655,e30293,M,South
1656,6fd08e,M,South
1657,7501b6,M,North
1658,7fb802,M,South
1659,604874,M,North
1660,28ff2a,M,South
1661,288386,M,South
1662,81e6ff,M,South
1663,6208a6,F,North
1664,0a0d20,M,South
1665,07df0a,M,South
1666,48c3fb,M,South
1667,6ddca4,F,North
1668,1c0d4d,M,South
1669,54b87d,M,South
1670,f701c9,F,South
1671,427eb3,F,North
1672,ed485a,M,South
1673,cd8f17,M,North
1674,19c358,F,South
1675,e3ab4c,M,North
1676,23ffc1,M,South
1677,f1ab70,M,South
1678,9.27E+07,M,South
1679,0cf906,M,South
1680,b0c26c,F,South
1681,33d283,F,South
1682,02a520,F,South
1683,7de6a5,M,North
1684,de4b1d,F,North
1685,f3cbc4,M,South
1686,eca7a0,F,South
1687,2905d8,M,South
1688,c43313,M,South
1689,d800b0,M,South
1690,e38549,M,South
1691,6f6383,F,North
1692,fc9433,M,South
1693,3759ff,M,South
1694,958364,M,South
1695,1946d7,M,South
1696,081c65,M,South
1697,c4ef3d,M,South
1698,bf52f1,M,North
1699,ed8bf0,M,South
1700,9.46E+07,M,South
1701,c593da,F,South
1702,8cca90,F,South
1703,e40be6,M,North
1704,0065c3,M,South
1705,18d9ce,F,South
1706,e33921,F,South
1707,969ff2,M,South
1708,73c7ab,M,North
1709,2c14b8,M,South
1710,c81772,M,South
1711,f7dc81,M,North
1712,1af3ae,M,South
1713,adcc76,M,North
1714,e054d7,M,South
1715,9067d0,M,South
1716,264f86,M,South
1717,54553e,M,South
1718,e66dd5,F,South
1719,d1182f,M,South
1720,a147a0,F,South
1721,d0b642,M,South
1722,05cd91,F,North
1723,a377fa,M,South
1724,c2f826,M,North
1725,d6996b,M,South
1726,1d5e5d,M,South
1727,b7bac0,F,South
1728,ba5cd6,M,South
1729,2bfab9,F,South
1730,277b97,F,South
1731,6ec319,M,South
1732,539a7c,M,South
1733,33660d,M,South
1734,7a63f8,F,South
1735,b6d776,F,South
1736,d194c5,M,South
1737,62ad27,M,South
1738,cf1a69,M,South
1739,34cc8e,M,South
1740,fe69b4,F,South
1741,2dc589,M,South
1742,6391f4,F,South
1743,8f0f31,F,South
1744,88868f,F,South
1745,68756b,M,South
1746,c37668,M,North
1747,423f8d,F,South
1748,eecf24,M,South
1749,d56286,M,South
1750,72b87a,M,South
1751,411419,M,South
1752,30f0db,F,South
1753,525c96,F,South
1754,1b7706,F,North
1755,e1e012,M,South
1756,0025a4,F,South
1757,93e554,F,South
1758,750a79,M,South
1759,1ef2ec,F,South
1760,81f5e0,M,North
1761,b5fe43,M,North
1762,b60fcf,M,South
1763,cdb72c,F,North
1764,603b54,M,South
1765,b9937e,M,South
1766,704a55,F,South
1767,5d8f47,M,North
1768,6f4e34,F,South
1769,0ddc8e,F,South
1770,c9bfa9,F,South
1771,c686c1,M,South
1772,42ca74,M,South
1773,56f28f,M,South
1774,863bdd,F,North
1775,f4b5e8,M,South
1776,e83169,M,South
1777,8313df,M,South
1778,46dd2f,M,South
1779,59511b,M,South
1780,d345a8,M,South
1781,a26e03,M,South
1782,87a4ba,F,North
